Bacteria Name,Type,Significance
Enterobacter cloacae,Methanogen,Pathogenic in elderly; health risk
Haemophilus influenzae,Methanogen,Associated with gut homeostasis
Vibrio cholerae,Archaea,Inflammation marker in aging gut
Deinococcus radiodurans,Gram-positive bacterium,SCFA producer; reduced in aging
Salmonella enterica,Pathogen,Increased in age-related gut inflammation
Neisseria meningitidis,Gram-positive bacterium,Gut microbiota; associated with aging
Bacillus subtilis,Probiotic,SCFA producer; reduced in aging
Enterobacter cloacae,Gram-negative bacterium,Probiotic; beneficial for gut health
Shigella flexneri,Gram-negative bacterium,Metabolic health marker in aging populations
Parabacteroides distasonis,Pathogen,Gut microbiota; associated with aging
Pseudomonas aeruginosa,Methanogen,Inflammation marker in aging gut
Sinorhizobium meliloti,Pathogen,Pathogenic in elderly; health risk
Mycobacterium tuberculosis,Gram-negative bacterium,Decreases with age; linked to diversity loss
Sphingomonas paucimobilis,Gram-positive bacterium,Pathogenic in elderly; health risk
Nitrosococcus oceani,Probiotic,Gut microbiota; associated with aging
Verrucomicrobia bacterium,Gram-positive bacterium,SCFA producer; reduced in aging
Bacteroides fragilis,Gram-negative bacterium,Linked to dysbiosis in elderly
Spirochaeta thermophila,Gram-negative bacterium,Inflammation marker in aging gut
Haemophilus influenzae,Gram-negative bacterium,Increased in age-related gut inflammation
Deinococcus radiodurans,Archaea,Inflammation marker in aging gut
Pyrococcus furiosus,Probiotic,Metabolic health marker in aging populations
Eubacterium rectale,Gram-negative bacterium,Probiotic; beneficial for gut health
Clostridium tetani,Archaea,Metabolic health marker in aging populations
Proteus mirabilis,Pathogen,Increased in age-related gut inflammation
Bacillus subtilis,Gram-negative bacterium,Pathogenic in elderly; health risk
Sulfurospirillum deleyianum,Archaea,Pathogenic in elderly; health risk
Thermotoga maritima,Methanogen,Linked to dysbiosis in elderly
Burkholderia cepacia,Gram-positive bacterium,Metabolic health marker in aging populations
Leptospira interrogans,Gram-negative bacterium,Gut microbiota; associated with aging
Spirochaeta thermophila,Gram-positive bacterium,Linked to dysbiosis in elderly
Mycoplasma pneumoniae,Gram-negative bacterium,Associated with gut homeostasis
Proteus mirabilis,Gram-positive bacterium,Linked to dysbiosis in elderly
Roseburia intestinalis,Gram-positive bacterium,Pathogenic in elderly; health risk
Peptostreptococcus anaerobius,Pathogen,Associated with gut homeostasis
Bacteroides fragilis,Pathogen,Gut microbiota; associated with aging
Azotobacter vinelandii,Archaea,SCFA producer; reduced in aging
Burkholderia cepacia,Pathogen,SCFA producer; reduced in aging
Agrobacterium tumefaciens,Gram-negative bacterium,Inflammation marker in aging gut
Rickettsia rickettsii,Gram-negative bacterium,Gut microbiota; associated with aging
Odoribacter splanchnicus,Probiotic,Linked to dysbiosis in elderly
Faecalibacterium prausnitzii,Pathogen,Metabolic health marker in aging populations
Acinetobacter baumannii,Methanogen,Gut microbiota; associated with aging
Pseudomonas fluorescens,Gram-negative bacterium,Increased in age-related gut inflammation
Ruminococcus gnavus,Methanogen,Linked to dysbiosis in elderly
Akkermansia muciniphila,Methanogen,SCFA producer; reduced in aging
Roseburia intestinalis,Probiotic,Increased in age-related gut inflammation
Dorea formicigenerans,Pathogen,Probiotic; beneficial for gut health
Verrucomicrobia bacterium,Probiotic,Associated with gut homeostasis
Mycobacterium tuberculosis,Methanogen,Inflammation marker in aging gut
Enterobacter cloacae,Methanogen,SCFA producer; reduced in aging
Aquifex aeolicus,Gram-positive bacterium,Pathogenic in elderly; health risk
Nitrobacter winogradskyi,Archaea,Metabolic health marker in aging populations
Helicobacter pylori,Methanogen,Decreases with age; linked to diversity loss
Neisseria meningitidis,Gram-negative bacterium,SCFA producer; reduced in aging
Bifidobacterium longum,Gram-positive bacterium,Decreases with age; linked to diversity loss
Dorea formicigenerans,Archaea,Probiotic; beneficial for gut health
Mycoplasma pneumoniae,Pathogen,Metabolic health marker in aging populations
Azotobacter vinelandii,Archaea,Gut microbiota; associated with aging
Bifidobacterium longum,Probiotic,Linked to dysbiosis in elderly
Enterobacter cloacae,Probiotic,Associated with gut homeostasis
Azotobacter vinelandii,Archaea,Linked to dysbiosis in elderly
Aquifex aeolicus,Gram-positive bacterium,Probiotic; beneficial for gut health
Leptospira interrogans,Probiotic,Probiotic; beneficial for gut health
Desulfovibrio vulgaris,Methanogen,Metabolic health marker in aging populations
Deinococcus radiodurans,Methanogen,Probiotic; beneficial for gut health
Vibrio parahaemolyticus,Gram-negative bacterium,Increased in age-related gut inflammation
Sinorhizobium meliloti,Probiotic,Probiotic; beneficial for gut health
Sphingomonas paucimobilis,Archaea,Decreases with age; linked to diversity loss
Sinorhizobium meliloti,Pathogen,Inflammation marker in aging gut
Sulfurospirillum deleyianum,Methanogen,SCFA producer; reduced in aging
Enterobacter cloacae,Gram-positive bacterium,Gut microbiota; associated with aging
Methanobrevibacter smithii,Pathogen,Associated with gut homeostasis
Streptococcus thermophilus,Probiotic,Probiotic; beneficial for gut health
Borrelia burgdorferi,Gram-positive bacterium,Inflammation marker in aging gut
Shigella flexneri,Methanogen,SCFA producer; reduced in aging
Pseudomonas fluorescens,Gram-positive bacterium,Inflammation marker in aging gut
Desulfovibrio piger,Pathogen,Linked to dysbiosis in elderly
Nitrobacter winogradskyi,Methanogen,Gut microbiota; associated with aging
Klebsiella pneumoniae,Probiotic,Pathogenic in elderly; health risk
Clostridium clostridioforme,Archaea,Decreases with age; linked to diversity loss
Proteus mirabilis,Archaea,Linked to dysbiosis in elderly
Eubacterium rectale,Archaea,Decreases with age; linked to diversity loss
Deinococcus radiodurans,Probiotic,Linked to dysbiosis in elderly
Methanobrevibacter smithii,Archaea,Increased in age-related gut inflammation
Paracoccus denitrificans,Methanogen,Inflammation marker in aging gut
Thermotoga maritima,Gram-positive bacterium,Increased in age-related gut inflammation
Morganella morganii,Archaea,Pathogenic in elderly; health risk
Alcaligenes faecalis,Archaea,Increased in age-related gut inflammation
Peptostreptococcus anaerobius,Archaea,Metabolic health marker in aging populations
Pseudomonas fluorescens,Pathogen,Decreases with age; linked to diversity loss
Mycobacterium tuberculosis,Gram-positive bacterium,Gut microbiota; associated with aging
Acinetobacter baumannii,Gram-positive bacterium,Probiotic; beneficial for gut health
Actinobacteria bacterium,Gram-positive bacterium,Gut microbiota; associated with aging
Corynebacterium diphtheriae,Pathogen,Associated with gut homeostasis
Nitrosomonas europaea,Probiotic,Increased in age-related gut inflammation
Eubacterium rectale,Archaea,SCFA producer; reduced in aging
Rickettsia rickettsii,Gram-negative bacterium,Inflammation marker in aging gut
Bacteroides fragilis,Gram-negative bacterium,SCFA producer; reduced in aging
Rickettsia rickettsii,Gram-positive bacterium,Gut microbiota; associated with aging
Bacteroides vulgatus,Probiotic,Gut microbiota; associated with aging
